{"values": {"crim": 0.42846914, "zn": -0.43794015, "indus": 1.00374252, "chas": -0.25865307, "nox": 0.81616309, "rm": -0.0362377, "age": -0.13055102, "dis": -0.38236272, "rad": 1.64473362, "tax": 1.54819626, "ptratio": 0.75572396, "b": 0.44036105, "lstat": 0.07417893}}